{"cameraMode":{"drawMode":0,"name":"Shaded","section":"Shading Mode"},"sceneLighting":false,"audioPlay":false,"sceneViewState":{"m_AlwaysRefresh":false,"showFog":true,"showSkybox":false,"showFlares":true,"showImageEffects":true,"showParticleSystems":true,"showVisualEffectGraphs":true,"m_FxEnabled":true},"in2DMode":false,"pivot":{"x":-0.002900838851928711,"y":-0.012457966804504395,"z":-0.014842748641967774},"rotation":{"x":-0.2213948518037796,"y":0.22918735444545747,"z":-0.053659457713365558,"w":-0.9464092254638672},"size":1.8736742734909058,"orthographic":false}