{"cameraMode":{"drawMode":0,"name":"Shaded","section":"Shading Mode"},"sceneLighting":false,"audioPlay":false,"sceneViewState":{"m_AlwaysRefresh":false,"showFog":true,"showSkybox":false,"showFlares":true,"showImageEffects":true,"showParticleSystems":true,"showVisualEffectGraphs":true,"m_FxEnabled":true},"in2DMode":false,"pivot":{"x":29.244491577148439,"y":5.994898796081543,"z":14.524619102478028},"rotation":{"x":-0.11089678853750229,"y":0.3793899714946747,"z":-0.04591672122478485,"w":-0.9174893498420715},"size":0.7035616040229797,"orthographic":false}