{"cameraMode":{"drawMode":0,"name":"Shaded","section":"Shading Mode"},"sceneLighting":false,"audioPlay":false,"sceneViewState":{"m_AlwaysRefresh":false,"showFog":true,"showSkybox":false,"showFlares":true,"showImageEffects":true,"showParticleSystems":true,"showVisualEffectGraphs":true,"m_FxEnabled":true},"in2DMode":false,"pivot":{"x":-0.01885131001472473,"y":0.7063391208648682,"z":0.0010149478912353516},"rotation":{"x":-0.07517771422863007,"y":0.04097280651330948,"z":-0.0030997665598988535,"w":-0.9963603019714356},"size":0.9796483516693115,"orthographic":false}