{"cameraMode":{"drawMode":0,"name":"Shaded","section":"Shading Mode"},"sceneLighting":false,"audioPlay":false,"sceneViewState":{"m_AlwaysRefresh":false,"showFog":true,"showSkybox":false,"showFlares":true,"showImageEffects":true,"showParticleSystems":true,"showVisualEffectGraphs":true,"m_FxEnabled":true},"in2DMode":false,"pivot":{"x":39.51435852050781,"y":14.393579483032227,"z":239.75799560546876},"rotation":{"x":-0.08071218430995941,"y":0.7105777263641357,"z":-0.08269849419593811,"w":-0.6941460967063904},"size":0.7035616040229797,"orthographic":false}