{"cameraMode":{"drawMode":0,"name":"Shaded","section":"Shading Mode"},"sceneLighting":false,"audioPlay":false,"sceneViewState":{"m_AlwaysRefresh":false,"showFog":true,"showSkybox":false,"showFlares":true,"showImageEffects":true,"showParticleSystems":true,"showVisualEffectGraphs":true,"m_FxEnabled":true},"in2DMode":false,"pivot":{"x":-1.6082732677459717,"y":-0.17882367968559266,"z":0.28196287155151369},"rotation":{"x":-0.07517771422863007,"y":0.04097280651330948,"z":-0.0030997665598988535,"w":-0.9963603019714356},"size":1.28758704662323,"orthographic":false}