{"cameraMode":{"drawMode":0,"name":"Shaded","section":"Shading Mode"},"sceneLighting":true,"audioPlay":false,"sceneViewState":{"m_AlwaysRefresh":false,"showFog":true,"showSkybox":false,"showFlares":true,"showImageEffects":true,"showParticleSystems":true,"showVisualEffectGraphs":true,"m_FxEnabled":true},"in2DMode":false,"pivot":{"x":1.232858419418335,"y":1.789720892906189,"z":-3.1766374111175539},"rotation":{"x":-0.23537234961986543,"y":0.17869073152542115,"z":-0.044069401919841769,"w":-0.9543326497077942},"size":0.000017320508050033823,"orthographic":false}