{"cameraMode":{"drawMode":0,"name":"Shaded","section":"Shading Mode"},"sceneLighting":true,"audioPlay":false,"sceneViewState":{"m_AlwaysRefresh":false,"showFog":true,"showSkybox":true,"showFlares":true,"showImageEffects":true,"showParticleSystems":true,"showVisualEffectGraphs":true,"m_FxEnabled":true},"in2DMode":false,"pivot":{"x":4.421850204467773,"y":1.4426252841949463,"z":53.36164093017578},"rotation":{"x":-0.06099173054099083,"y":0.38959524035453799,"z":-0.025903791189193727,"w":-0.9186612367630005},"size":0.8660253882408142,"orthographic":false}