{"cameraMode":{"drawMode":0,"name":"Shaded","section":"Shading Mode"},"sceneLighting":false,"audioPlay":false,"sceneViewState":{"m_AlwaysRefresh":false,"showFog":true,"showSkybox":false,"showFlares":true,"showImageEffects":true,"showParticleSystems":true,"showVisualEffectGraphs":true,"m_FxEnabled":true},"in2DMode":false,"pivot":{"x":0.13962703943252564,"y":0.7518703937530518,"z":-0.0692656934261322},"rotation":{"x":-0.07517771422863007,"y":0.04097280651330948,"z":-0.0030997665598988535,"w":-0.9963603019714356},"size":1.7009286880493165,"orthographic":false}